Theme,Theme_or_WG
immunity and inflammation,Theme
cardiovascular,Theme
genomic medicine,Theme
vaccines,Theme
blood,Theme
functional neurosciences and imaging,Theme
dementia and cerebrovascular disease,Theme
cancer,Theme
diabetes,Theme
cognitive health,Working Group
prevention and population care,Theme
translational physiology,Theme
infection,Theme
surgical innovation and evaluation,Theme
biomedical informatics and technology,Theme
pathology and bioresources,Working Group
molecular diagnostics,Working Group
patient and public involvement,Working Group
other brc funded work,Other
ethics,Other
health economics,Other
transplantation,Working Group
research education and training,Working Group
